{
    "best_model": "Random Forest",
    "r2_score": 0.9534827934927883,
    "rmse": 1.1989298770153327,
    "mae": 0.9179999999999993
}